insert into Usuario (id, nome, email, usuario, senha, admin, datacadastro, situacao) values (1, 'Fulano de Tal', 'fulano@teste.com.br','fulano', '123', 1, NOW(), 'A');
insert into Usuario (id, nome, email, usuario, senha, admin, datacadastro, situacao) values (2, 'Ciclano', 'ciclano@teste.com.br','ciclano', '123', 0, NOW(), 'I');
insert into Usuario (id, nome, email, usuario, senha, admin, datacadastro, situacao) values (3, 'Beltrano', 'beltrano@teste.com.br','beltrano', '123', 0, NOW(), 'A');

insert into Empresa (id, nome, razaoSocial, cnpj, bairro, cidade, uf, matriz, dataCadastro, situacao) values (1, 'Loja Jardim Vista Alegre', 'Gerson Industria de Alimentos Ltda.', '11111111111111', 'Jardim Vista Alegre', 'Santa Bárbara D`Oeste', 'SP', 'M', NOW(), 'A');
insert into Empresa (id, nome, razaoSocial, cnpj, bairro, cidade, uf, matriz, dataCadastro, situacao) values (2, 'Loja Lagoa Seca', 'Gerson Industria de Alimentos Ltda.', '22222222222222', 'Lagoa Seca', 'Santa Bárbara D`Oeste', 'SP', 'F', NOW(), 'A');
insert into Empresa (id, nome, razaoSocial, cnpj, bairro, cidade, uf, matriz, dataCadastro, situacao) values (3, 'Loja Jardim Ipiranga', 'Gerson Industria de Alimentos Ltda.', '33333333333333', 'Jardim Ipiranga', 'Americana', 'SP', 'F', NOW(), 'A');

insert into Conta (id, idEmpresa, descricao, dataEmissao, dataVencimento, dataPagamento, dataBaixa, valor, valorPago, saldo, dataCadastro, situacao) values (1, 1, 'Aluguel', '2018-02-25 00:00:00', '2018-02-25 00:00:00', NULL, NULL, '1200', NULL, NULL, '2018-03-12 00:00:00', 'A');
insert into Conta (id, idEmpresa, descricao, dataEmissao, dataVencimento, dataPagamento, dataBaixa, valor, valorPago, saldo, dataCadastro, situacao) values (2, 1, 'Luz', '2018-02-25 00:00:00', '2018-02-25 00:00:00', NULL, NULL, '1200', NULL, NULL, '2018-03-12 00:00:00', 'A');
insert into Conta (id, idEmpresa, descricao, dataEmissao, dataVencimento, dataPagamento, dataBaixa, valor, valorPago, saldo, dataCadastro, situacao) values (3, 1, 'Funcionários', '2018-02-25 00:00:00', '2018-02-25 00:00:00', NULL, NULL, '1200', NULL, NULL, '2018-03-12 00:00:00', 'A');
insert into Conta (id, idEmpresa, descricao, dataEmissao, dataVencimento, dataPagamento, dataBaixa, valor, valorPago, saldo, dataCadastro, situacao) values (4, 1, 'Fornecedores', '2018-02-25 00:00:00', '2018-02-25 00:00:00', NULL, NULL, '1200', NULL, NULL, '2018-03-12 00:00:00', 'A');
insert into Conta (id, idEmpresa, descricao, dataEmissao, dataVencimento, dataPagamento, dataBaixa, valor, valorPago, saldo, dataCadastro, situacao) values (5, 1, 'Telefone', '2018-02-25 00:00:00', '2018-02-25 00:00:00', NULL, NULL, '1200', NULL, NULL, '2018-03-12 00:00:00', 'A');
insert into Conta (id, idEmpresa, descricao, dataEmissao, dataVencimento, dataPagamento, dataBaixa, valor, valorPago, saldo, dataCadastro, situacao) values (6, 2, 'Aluguel', '2018-02-25 00:00:00', '2018-02-25 00:00:00', NULL, NULL, '1200', NULL, NULL, '2018-03-12 00:00:00', 'A');
insert into Conta (id, idEmpresa, descricao, dataEmissao, dataVencimento, dataPagamento, dataBaixa, valor, valorPago, saldo, dataCadastro, situacao) values (7, 2, 'Luz', '2018-02-25 00:00:00', '2018-02-25 00:00:00', NULL, NULL, '1200', NULL, NULL, '2018-03-12 00:00:00', 'A');
insert into Conta (id, idEmpresa, descricao, dataEmissao, dataVencimento, dataPagamento, dataBaixa, valor, valorPago, saldo, dataCadastro, situacao) values (8, 2, 'Funcionários', '2018-02-25 00:00:00', '2018-02-25 00:00:00', NULL, NULL, '1200', NULL, NULL, '2018-03-12 00:00:00', 'A');
insert into Conta (id, idEmpresa, descricao, dataEmissao, dataVencimento, dataPagamento, dataBaixa, valor, valorPago, saldo, dataCadastro, situacao) values (9, 2, 'Fornecedores', '2018-02-25 00:00:00', '2018-02-25 00:00:00', NULL, NULL, '1200', NULL, NULL, '2018-03-12 00:00:00', 'A');
insert into Conta (id, idEmpresa, descricao, dataEmissao, dataVencimento, dataPagamento, dataBaixa, valor, valorPago, saldo, dataCadastro, situacao) values (10, 2, 'Telefone', '2018-02-25 00:00:00', '2018-02-25 00:00:00', NULL, NULL, '1200', NULL, NULL, '2018-03-12 00:00:00', 'A');
insert into Conta (id, idEmpresa, descricao, dataEmissao, dataVencimento, dataPagamento, dataBaixa, valor, valorPago, saldo, dataCadastro, situacao) values (11, 3, 'Aluguel', '2018-02-25 00:00:00', '2018-02-25 00:00:00', NULL, NULL, '1200', NULL, NULL, '2018-03-12 00:00:00', 'A');
insert into Conta (id, idEmpresa, descricao, dataEmissao, dataVencimento, dataPagamento, dataBaixa, valor, valorPago, saldo, dataCadastro, situacao) values (12, 3, 'Luz', '2018-02-25 00:00:00', '2018-02-25 00:00:00', NULL, NULL, '1200', NULL, NULL, '2018-03-12 00:00:00', 'A');
insert into Conta (id, idEmpresa, descricao, dataEmissao, dataVencimento, dataPagamento, dataBaixa, valor, valorPago, saldo, dataCadastro, situacao) values (13, 3, 'Funcionários', '2018-02-25 00:00:00', '2018-02-25 00:00:00', NULL, NULL, '1200', NULL, NULL, '2018-03-12 00:00:00', 'A');
insert into Conta (id, idEmpresa, descricao, dataEmissao, dataVencimento, dataPagamento, dataBaixa, valor, valorPago, saldo, dataCadastro, situacao) values (14, 3, 'Fornecedores', '2018-02-25 00:00:00', '2018-02-25 00:00:00', NULL, NULL, '1200', NULL, NULL, '2018-03-12 00:00:00', 'A');
insert into Conta (id, idEmpresa, descricao, dataEmissao, dataVencimento, dataPagamento, dataBaixa, valor, valorPago, saldo, dataCadastro, situacao) values (15, 3, 'Telefone', '2018-02-25 00:00:00', '2018-02-25 00:00:00', NULL, NULL, '1200', NULL, NULL, '2018-03-12 00:00:00', 'A');
